Datetime,Water Level (m)
2026-01-04 06:00:00,-4.501
2026-01-04 07:00:00,-4.501
2026-01-04 08:00:00,-4.501
2026-01-04 09:00:00,-4.501
2026-01-04 10:00:00,-4.501
2026-01-04 11:00:00,-4.501
2026-01-04 12:00:00,-4.501
2026-01-04 13:00:00,-4.501
2026-01-04 14:00:00,-4.501
2026-01-04 15:00:00,0.14885148
2026-01-04 16:00:00,0.12327056
2026-01-04 17:00:00,0.1270497
2026-01-04 18:00:00,0.13349736
2026-01-04 19:00:00,0.14208351
2026-01-04 20:00:00,0.15589008
2026-01-04 21:00:00,0.16520555
2026-01-04 22:00:00,0.1684543
2026-01-04 23:00:00,0.17186092
2026-01-05 00:00:00,0.17273818
2026-01-05 01:00:00,0.1693888
2026-01-05 02:00:00,0.16582085
2026-01-05 03:00:00,0.15947247
2026-01-05 04:00:00,0.15614864
2026-01-05 05:00:00,0.16094418
2026-01-05 06:00:00,0.17300272
2026-01-05 07:00:00,0.1895319
2026-01-05 08:00:00,0.20808989
2026-01-05 09:00:00,0.22519416
2026-01-05 10:00:00,0.23784223
2026-01-05 11:00:00,0.2453511
2026-01-05 12:00:00,0.2488647
2026-01-05 13:00:00,0.24901862
2026-01-05 14:00:00,0.24663863
2026-01-05 15:00:00,0.24236667
2026-01-05 16:00:00,0.23641182
2026-01-05 17:00:00,0.23070584
2026-01-05 18:00:00,0.23106906
2026-01-05 19:00:00,0.23862356
2026-01-05 20:00:00,0.25047258
2026-01-05 21:00:00,0.26167226
2026-01-05 22:00:00,0.26849222
2026-01-05 23:00:00,0.27089515
2026-01-06 00:00:00,0.27010572
2026-01-06 01:00:00,0.26685044
2026-01-06 02:00:00,0.26151285
2026-01-06 03:00:00,0.25428706
2026-01-06 04:00:00,0.24551678
2026-01-06 05:00:00,0.23944513
2026-01-06 06:00:00,0.24295595
2026-01-06 07:00:00,0.25362375
2026-01-06 08:00:00,0.2683311
2026-01-06 09:00:00,0.28411815
2026-01-06 10:00:00,0.29708758
2026-01-06 11:00:00,0.30494022
2026-01-06 12:00:00,0.30799803
2026-01-06 13:00:00,0.30736035
2026-01-06 14:00:00,0.30406454
2026-01-06 15:00:00,0.29869017
2026-01-06 16:00:00,0.2914717
2026-01-06 17:00:00,0.28292277
2026-01-06 18:00:00,0.27651662
2026-01-06 19:00:00,0.27809155
2026-01-06 20:00:00,0.28659102
2026-01-06 21:00:00,0.29795486
2026-01-06 22:00:00,0.30709842
2026-01-06 23:00:00,0.31136525
2026-01-07 00:00:00,0.31145993
2026-01-07 01:00:00,0.30810952
2026-01-07 02:00:00,0.30241147
2026-01-07 03:00:00,0.294471
2026-01-07 04:00:00,0.28498206
2026-01-07 05:00:00,0.27538946
2026-01-07 06:00:00,0.2709194
2026-01-07 07:00:00,0.2757847
2026-01-07 08:00:00,0.2868073
2026-01-07 09:00:00,0.30088818
2026-01-07 10:00:00,0.31452158
2026-01-07 11:00:00,0.32412735
2026-01-07 12:00:00,0.32821518
2026-01-07 13:00:00,0.32795885
2026-01-07 14:00:00,0.32489425
2026-01-07 15:00:00,0.31958944
2026-01-07 16:00:00,0.31209326
2026-01-07 17:00:00,0.3029404
2026-01-07 18:00:00,0.29327813
2026-01-07 19:00:00,0.28842136
2026-01-07 20:00:00,0.29296476
2026-01-07 21:00:00,0.3031029
2026-01-07 22:00:00,0.31446847
2026-01-07 23:00:00,0.32235807
2026-01-08 00:00:00,0.32501635
2026-01-08 01:00:00,0.32340103
2026-01-08 02:00:00,0.318894
2026-01-08 03:00:00,0.31181404
2026-01-08 04:00:00,0.30271602
2026-01-08 05:00:00,0.29291585
2026-01-08 06:00:00,0.2841808
2026-01-08 07:00:00,0.28253692
2026-01-08 08:00:00,0.28953016
2026-01-08 09:00:00,0.30142623
2026-01-08 10:00:00,0.31479228
2026-01-08 11:00:00,0.32599822
2026-01-08 12:00:00,0.33213028
2026-01-08 13:00:00,0.3332175
2026-01-08 14:00:00,0.3307004
2026-01-08 15:00:00,0.32598674
2026-01-08 16:00:00,0.3195276
2026-01-08 17:00:00,0.31101695
2026-01-08 18:00:00,0.30159757
2026-01-08 19:00:00,0.29284948
2026-01-08 20:00:00,0.2912362
2026-01-08 21:00:00,0.29774848
2026-01-08 22:00:00,0.3086395
2026-01-08 23:00:00,0.31962085
2026-01-09 00:00:00,0.3264401
2026-01-09 01:00:00,0.32814753
2026-01-09 02:00:00,0.32595098
2026-01-09 03:00:00,0.3208999
2026-01-09 04:00:00,0.31357473
2026-01-09 05:00:00,0.3051572
2026-01-09 06:00:00,0.2959787
2026-01-09 07:00:00,0.28851077
2026-01-09 08:00:00,0.2899475
2026-01-09 09:00:00,0.29857624
2026-01-09 10:00:00,0.31105918
2026-01-09 11:00:00,0.32360393
2026-01-09 12:00:00,0.33206052
2026-01-09 13:00:00,0.33504
2026-01-09 14:00:00,0.33388278
2026-01-09 15:00:00,0.33013391
2026-01-09 16:00:00,0.32462552
2026-01-09 17:00:00,0.31685895
2026-01-09 18:00:00,0.30712405
2026-01-09 19:00:00,0.29715177
2026-01-09 20:00:00,0.28990167
2026-01-09 21:00:00,0.2923325
2026-01-09 22:00:00,0.30129802
2026-01-09 23:00:00,0.3131162
2026-01-10 00:00:00,0.32388458
2026-01-10 01:00:00,0.32996342
2026-01-10 02:00:00,0.331069
2026-01-10 03:00:00,0.32809117
2026-01-10 04:00:00,0.32247368
2026-01-10 05:00:00,0.31517172
2026-01-10 06:00:00,0.3063445
